-- USER
INSERT INTO "auth_user" VALUES (1,'pbkdf2_sha256$870000$q7jZZSTbg7cV2RdU6ooNko$4k5FrQg30KnKPyG2M2yNC5filhPeaxCOC2ZKri0rZCs=',NULL,1,'admin','','admin@admin.com',1,1,'2024-11-01 22:17:39.218211','');

-- PAIS
INSERT INTO "app_pais" (id, nombre, iso) VALUES (1,'Afganistán','AF');
INSERT INTO "app_pais" (id, nombre, iso) VALUES (2,'Islas Gland','AX');
INSERT INTO "app_pais" (id, nombre, iso) VALUES (3,'Albania','AL');
INSERT INTO "app_pais" (id, nombre, iso) VALUES (4,'Alemania','DE');
INSERT INTO "app_pais" (id, nombre, iso) VALUES (5,'Andorra','AD');
INSERT INTO "app_pais" (id, nombre, iso) VALUES (6,'Angola','AO');
INSERT INTO "app_pais" (id, nombre, iso) VALUES (7,'Anguilla','AI');
INSERT INTO "app_pais" (id, nombre, iso) VALUES (8,'Antártida','AQ');
INSERT INTO "app_pais" (id, nombre, iso) VALUES (9,'Antigua y Barbuda','AG');
INSERT INTO "app_pais" (id, nombre, iso) VALUES (10,'Antillas Holandesas','AN');
INSERT INTO "app_pais" (id, nombre, iso) VALUES (11,'Arabia Saudí','SA');
INSERT INTO "app_pais" (id, nombre, iso) VALUES (12,'Argelia','DZ');
INSERT INTO "app_pais" (id, nombre, iso) VALUES (13,'Argentina','AR');
INSERT INTO "app_pais" (id, nombre, iso) VALUES (14,'Armenia','AM');
INSERT INTO "app_pais" (id, nombre, iso) VALUES (15,'Aruba','AW');
INSERT INTO "app_pais" (id, nombre, iso) VALUES (16,'Australia','AU');
INSERT INTO "app_pais" (id, nombre, iso) VALUES (17,'Austria','AT');
INSERT INTO "app_pais" (id, nombre, iso) VALUES (18,'Azerbaiyán','AZ');
INSERT INTO "app_pais" (id, nombre, iso) VALUES (19,'Bahamas','BS');
INSERT INTO "app_pais" (id, nombre, iso) VALUES (20,'Bahréin','BH');
INSERT INTO "app_pais" (id, nombre, iso) VALUES (21,'Bangladesh','BD');
INSERT INTO "app_pais" (id, nombre, iso) VALUES (22,'Barbados','BB');
INSERT INTO "app_pais" (id, nombre, iso) VALUES (23,'Bielorrusia','BY');
INSERT INTO "app_pais" (id, nombre, iso) VALUES (24,'Bélgica','BE');
INSERT INTO "app_pais" (id, nombre, iso) VALUES (25,'Belice','BZ');
INSERT INTO "app_pais" (id, nombre, iso) VALUES (26,'Benin','BJ');
INSERT INTO "app_pais" (id, nombre, iso) VALUES (27,'Bermudas','BM');
INSERT INTO "app_pais" (id, nombre, iso) VALUES (28,'Bhután','BT');
INSERT INTO "app_pais" (id, nombre, iso) VALUES (29,'Bolivia','BO');
INSERT INTO "app_pais" (id, nombre, iso) VALUES (30,'Bosnia y Herzegovina','BA');
INSERT INTO "app_pais" (id, nombre, iso) VALUES (31,'Botsuana','BW');
INSERT INTO "app_pais" (id, nombre, iso) VALUES (32,'Isla Bouvet','BV');
INSERT INTO "app_pais" (id, nombre, iso) VALUES (33,'Brasil','BR');
INSERT INTO "app_pais" (id, nombre, iso) VALUES (34,'Brunéi','BN');
INSERT INTO "app_pais" (id, nombre, iso) VALUES (35,'Bulgaria','BG');
INSERT INTO "app_pais" (id, nombre, iso) VALUES (36,'Burkina Faso','BF');
INSERT INTO "app_pais" (id, nombre, iso) VALUES (37,'Burundi','BI');
INSERT INTO "app_pais" (id, nombre, iso) VALUES (38,'Cabo Verde','CV');
INSERT INTO "app_pais" (id, nombre, iso) VALUES (39,'Islas Caimán','KY');
INSERT INTO "app_pais" (id, nombre, iso) VALUES (40,'Camboya','KH');
INSERT INTO "app_pais" (id, nombre, iso) VALUES (41,'Camerún','CM');
INSERT INTO "app_pais" (id, nombre, iso) VALUES (42,'Canadá','CA');
INSERT INTO "app_pais" (id, nombre, iso) VALUES (43,'República Centroafricana','CF');
INSERT INTO "app_pais" (id, nombre, iso) VALUES (44,'Chad','TD');
INSERT INTO "app_pais" (id, nombre, iso) VALUES (45,'República Checa','CZ');
INSERT INTO "app_pais" (id, nombre, iso) VALUES (46,'Chile','CL');
INSERT INTO "app_pais" (id, nombre, iso) VALUES (47,'China','CN');
INSERT INTO "app_pais" (id, nombre, iso) VALUES (48,'Chipre','CY');
INSERT INTO "app_pais" (id, nombre, iso) VALUES (49,'Isla de Navidad','CX');
INSERT INTO "app_pais" (id, nombre, iso) VALUES (50,'Ciudad del Vaticano','VA');
INSERT INTO "app_pais" (id, nombre, iso) VALUES (51,'Islas Cocos','CC');
INSERT INTO "app_pais" (id, nombre, iso) VALUES (52,'Colombia','CO');
INSERT INTO "app_pais" (id, nombre, iso) VALUES (53,'Comoras','KM');
INSERT INTO "app_pais" (id, nombre, iso) VALUES (54,'República Democrática del Congo','CD');
INSERT INTO "app_pais" (id, nombre, iso) VALUES (55,'Congo','CG');
INSERT INTO "app_pais" (id, nombre, iso) VALUES (56,'Islas Cook','CK');
INSERT INTO "app_pais" (id, nombre, iso) VALUES (57,'Corea del Norte','KP');
INSERT INTO "app_pais" (id, nombre, iso) VALUES (58,'Corea del Sur','KR');
INSERT INTO "app_pais" (id, nombre, iso) VALUES (59,'Costa de Marfil','CI');
INSERT INTO "app_pais" (id, nombre, iso) VALUES (60,'Costa Rica','CR');
INSERT INTO "app_pais" (id, nombre, iso) VALUES (61,'Croacia','HR');
INSERT INTO "app_pais" (id, nombre, iso) VALUES (62,'Cuba','CU');
INSERT INTO "app_pais" (id, nombre, iso) VALUES (63,'Dinamarca','DK');
INSERT INTO "app_pais" (id, nombre, iso) VALUES (64,'Dominica','DM');
INSERT INTO "app_pais" (id, nombre, iso) VALUES (65,'República Dominicana','DO');
INSERT INTO "app_pais" (id, nombre, iso) VALUES (66,'Ecuador','EC');
INSERT INTO "app_pais" (id, nombre, iso) VALUES (67,'Egipto','EG');
INSERT INTO "app_pais" (id, nombre, iso) VALUES (68,'El Salvador','SV');
INSERT INTO "app_pais" (id, nombre, iso) VALUES (69,'Emiratos Árabes Unidos','AE');
INSERT INTO "app_pais" (id, nombre, iso) VALUES (70,'Eritrea','ER');
INSERT INTO "app_pais" (id, nombre, iso) VALUES (71,'Eslovaquia','SK');
INSERT INTO "app_pais" (id, nombre, iso) VALUES (72,'Eslovenia','SI');
INSERT INTO "app_pais" (id, nombre, iso) VALUES (73,'España','ES');
INSERT INTO "app_pais" (id, nombre, iso) VALUES (74,'Islas ultramarinas de Estados Unidos','UM');
INSERT INTO "app_pais" (id, nombre, iso) VALUES (75,'Estados Unidos','US');
INSERT INTO "app_pais" (id, nombre, iso) VALUES (76,'Estonia','EE');
INSERT INTO "app_pais" (id, nombre, iso) VALUES (77,'Etiopía','ET');
INSERT INTO "app_pais" (id, nombre, iso) VALUES (78,'Islas Feroe','FO');
INSERT INTO "app_pais" (id, nombre, iso) VALUES (79,'Filipinas','PH');
INSERT INTO "app_pais" (id, nombre, iso) VALUES (80,'Finlandia','FI');
INSERT INTO "app_pais" (id, nombre, iso) VALUES (81,'Fiyi','FJ');
INSERT INTO "app_pais" (id, nombre, iso) VALUES (82,'Francia','FR');
INSERT INTO "app_pais" (id, nombre, iso) VALUES (83,'Gabón','GA');
INSERT INTO "app_pais" (id, nombre, iso) VALUES (84,'Gambia','GM');
INSERT INTO "app_pais" (id, nombre, iso) VALUES (85,'Georgia','GE');
INSERT INTO "app_pais" (id, nombre, iso) VALUES (86,'Islas Georgias del Sur y Sandwich del Sur','GS');
INSERT INTO "app_pais" (id, nombre, iso) VALUES (87,'Ghana','GH');
INSERT INTO "app_pais" (id, nombre, iso) VALUES (88,'Gibraltar','GI');
INSERT INTO "app_pais" (id, nombre, iso) VALUES (89,'Granada','GD');
INSERT INTO "app_pais" (id, nombre, iso) VALUES (90,'Grecia','GR');
INSERT INTO "app_pais" (id, nombre, iso) VALUES (91,'Groenlandia','GL');
INSERT INTO "app_pais" (id, nombre, iso) VALUES (92,'Guadalupe','GP');
INSERT INTO "app_pais" (id, nombre, iso) VALUES (93,'Guam','GU');
INSERT INTO "app_pais" (id, nombre, iso) VALUES (94,'Guatemala','GT');
INSERT INTO "app_pais" (id, nombre, iso) VALUES (95,'Guayana Francesa','GF');
INSERT INTO "app_pais" (id, nombre, iso) VALUES (96,'Guinea','GN');
INSERT INTO "app_pais" (id, nombre, iso) VALUES (97,'Guinea Ecuatorial','GQ');
INSERT INTO "app_pais" (id, nombre, iso) VALUES (98,'Guinea-Bissau','GW');
INSERT INTO "app_pais" (id, nombre, iso) VALUES (99,'Guyana','GY');
INSERT INTO "app_pais" (id, nombre, iso) VALUES (100,'Haití','HT');
INSERT INTO "app_pais" (id, nombre, iso) VALUES (101,'Islas Heard y McDonald','HM');
INSERT INTO "app_pais" (id, nombre, iso) VALUES (102,'Honduras','HN');
INSERT INTO "app_pais" (id, nombre, iso) VALUES (103,'Hong Kong','HK');
INSERT INTO "app_pais" (id, nombre, iso) VALUES (104,'Hungría','HU');
INSERT INTO "app_pais" (id, nombre, iso) VALUES (105,'India','IN');
INSERT INTO "app_pais" (id, nombre, iso) VALUES (106,'Indonesia','ID');
INSERT INTO "app_pais" (id, nombre, iso) VALUES (107,'Irán','IR');
INSERT INTO "app_pais" (id, nombre, iso) VALUES (108,'Iraq','IQ');
INSERT INTO "app_pais" (id, nombre, iso) VALUES (109,'Irlanda','IE');
INSERT INTO "app_pais" (id, nombre, iso) VALUES (110,'Islandia','IS');
INSERT INTO "app_pais" (id, nombre, iso) VALUES (111,'Israel','IL');
INSERT INTO "app_pais" (id, nombre, iso) VALUES (112,'Italia','IT');
INSERT INTO "app_pais" (id, nombre, iso) VALUES (113,'Jamaica','JM');
INSERT INTO "app_pais" (id, nombre, iso) VALUES (114,'Japón','JP');
INSERT INTO "app_pais" (id, nombre, iso) VALUES (115,'Jordania','JO');
INSERT INTO "app_pais" (id, nombre, iso) VALUES (116,'Kazajstán','KZ');
INSERT INTO "app_pais" (id, nombre, iso) VALUES (117,'Kenia','KE');
INSERT INTO "app_pais" (id, nombre, iso) VALUES (118,'Kirguistán','KG');
INSERT INTO "app_pais" (id, nombre, iso) VALUES (119,'Kiribati','KI');
INSERT INTO "app_pais" (id, nombre, iso) VALUES (120,'Kuwait','KW');
INSERT INTO "app_pais" (id, nombre, iso) VALUES (121,'Laos','LA');
INSERT INTO "app_pais" (id, nombre, iso) VALUES (122,'Lesotho','LS');
INSERT INTO "app_pais" (id, nombre, iso) VALUES (123,'Letonia','LV');
INSERT INTO "app_pais" (id, nombre, iso) VALUES (124,'Líbano','LB');
INSERT INTO "app_pais" (id, nombre, iso) VALUES (125,'Liberia','LR');
INSERT INTO "app_pais" (id, nombre, iso) VALUES (126,'Libia','LY');
INSERT INTO "app_pais" (id, nombre, iso) VALUES (127,'Liechtenstein','LI');
INSERT INTO "app_pais" (id, nombre, iso) VALUES (128,'Lituania','LT');
INSERT INTO "app_pais" (id, nombre, iso) VALUES (129,'Luxemburgo','LU');
INSERT INTO "app_pais" (id, nombre, iso) VALUES (130,'Macao','MO');
INSERT INTO "app_pais" (id, nombre, iso) VALUES (131,'ARY Macedonia','MK');
INSERT INTO "app_pais" (id, nombre, iso) VALUES (132,'Madagascar','MG');
INSERT INTO "app_pais" (id, nombre, iso) VALUES (133,'Malasia','MY');
INSERT INTO "app_pais" (id, nombre, iso) VALUES (134,'Malawi','MW');
INSERT INTO "app_pais" (id, nombre, iso) VALUES (135,'Maldivas','MV');
INSERT INTO "app_pais" (id, nombre, iso) VALUES (136,'Malí','ML');
INSERT INTO "app_pais" (id, nombre, iso) VALUES (137,'Malta','MT');
INSERT INTO "app_pais" (id, nombre, iso) VALUES (138,'Islas Malvinas','FK');
INSERT INTO "app_pais" (id, nombre, iso) VALUES (139,'Islas Marianas del Norte','MP');
INSERT INTO "app_pais" (id, nombre, iso) VALUES (140,'Marruecos','MA');
INSERT INTO "app_pais" (id, nombre, iso) VALUES (141,'Islas Marshall','MH');
INSERT INTO "app_pais" (id, nombre, iso) VALUES (142,'Martinica','MQ');
INSERT INTO "app_pais" (id, nombre, iso) VALUES (143,'Mauricio','MU');
INSERT INTO "app_pais" (id, nombre, iso) VALUES (144,'Mauritania','MR');
INSERT INTO "app_pais" (id, nombre, iso) VALUES (145,'Mayotte','YT');
INSERT INTO "app_pais" (id, nombre, iso) VALUES (146,'México','MX');
INSERT INTO "app_pais" (id, nombre, iso) VALUES (147,'Micronesia','FM');
INSERT INTO "app_pais" (id, nombre, iso) VALUES (148,'Moldavia','MD');
INSERT INTO "app_pais" (id, nombre, iso) VALUES (149,'Mónaco','MC');
INSERT INTO "app_pais" (id, nombre, iso) VALUES (150,'Mongolia','MN');
INSERT INTO "app_pais" (id, nombre, iso) VALUES (151,'Montserrat','MS');
INSERT INTO "app_pais" (id, nombre, iso) VALUES (152,'Mozambique','MZ');
INSERT INTO "app_pais" (id, nombre, iso) VALUES (153,'Myanmar','MM');
INSERT INTO "app_pais" (id, nombre, iso) VALUES (154,'Namibia','NA');
INSERT INTO "app_pais" (id, nombre, iso) VALUES (155,'Nauru','NR');
INSERT INTO "app_pais" (id, nombre, iso) VALUES (156,'Nepal','NP');
INSERT INTO "app_pais" (id, nombre, iso) VALUES (157,'Nicaragua','NI');
INSERT INTO "app_pais" (id, nombre, iso) VALUES (158,'Níger','NE');
INSERT INTO "app_pais" (id, nombre, iso) VALUES (159,'Nigeria','NG');
INSERT INTO "app_pais" (id, nombre, iso) VALUES (160,'Niue','NU');
INSERT INTO "app_pais" (id, nombre, iso) VALUES (161,'Isla Norfolk','NF');
INSERT INTO "app_pais" (id, nombre, iso) VALUES (162,'Noruega','NO');
INSERT INTO "app_pais" (id, nombre, iso) VALUES (163,'Nueva Caledonia','NC');
INSERT INTO "app_pais" (id, nombre, iso) VALUES (164,'Nueva Zelanda','NZ');
INSERT INTO "app_pais" (id, nombre, iso) VALUES (165,'Omán','OM');
INSERT INTO "app_pais" (id, nombre, iso) VALUES (166,'Países Bajos','NL');
INSERT INTO "app_pais" (id, nombre, iso) VALUES (167,'Pakistán','PK');
INSERT INTO "app_pais" (id, nombre, iso) VALUES (168,'Palau','PW');
INSERT INTO "app_pais" (id, nombre, iso) VALUES (169,'Palestina','PS');
INSERT INTO "app_pais" (id, nombre, iso) VALUES (170,'Panamá','PA');
INSERT INTO "app_pais" (id, nombre, iso) VALUES (171,'Papúa Nueva Guinea','PG');
INSERT INTO "app_pais" (id, nombre, iso) VALUES (172,'Paraguay','PY');
INSERT INTO "app_pais" (id, nombre, iso) VALUES (173,'Perú','PE');
INSERT INTO "app_pais" (id, nombre, iso) VALUES (174,'Islas Pitcairn','PN');
INSERT INTO "app_pais" (id, nombre, iso) VALUES (175,'Polinesia Francesa','PF');
INSERT INTO "app_pais" (id, nombre, iso) VALUES (176,'Polonia','PL');
INSERT INTO "app_pais" (id, nombre, iso) VALUES (177,'Portugal','PT');
INSERT INTO "app_pais" (id, nombre, iso) VALUES (178,'Puerto Rico','PR');
INSERT INTO "app_pais" (id, nombre, iso) VALUES (179,'Qatar','QA');
INSERT INTO "app_pais" (id, nombre, iso) VALUES (180,'Reino Unido','GB');
INSERT INTO "app_pais" (id, nombre, iso) VALUES (181,'Reunión','RE');
INSERT INTO "app_pais" (id, nombre, iso) VALUES (182,'Ruanda','RW');
INSERT INTO "app_pais" (id, nombre, iso) VALUES (183,'Rumania','RO');
INSERT INTO "app_pais" (id, nombre, iso) VALUES (184,'Rusia','RU');
INSERT INTO "app_pais" (id, nombre, iso) VALUES (185,'Sahara Occidental','EH');
INSERT INTO "app_pais" (id, nombre, iso) VALUES (186,'Islas Salomón','SB');
INSERT INTO "app_pais" (id, nombre, iso) VALUES (187,'Samoa','WS');
INSERT INTO "app_pais" (id, nombre, iso) VALUES (188,'Samoa Americana','AS');
INSERT INTO "app_pais" (id, nombre, iso) VALUES (189,'San Cristóbal y Nevis','KN');
INSERT INTO "app_pais" (id, nombre, iso) VALUES (190,'San Marino','SM');
INSERT INTO "app_pais" (id, nombre, iso) VALUES (191,'San Pedro y Miquelón','PM');
INSERT INTO "app_pais" (id, nombre, iso) VALUES (192,'San Vicente y las Granadinas','VC');
INSERT INTO "app_pais" (id, nombre, iso) VALUES (193,'Santa Helena','SH');
INSERT INTO "app_pais" (id, nombre, iso) VALUES (194,'Santa Lucía','LC');
INSERT INTO "app_pais" (id, nombre, iso) VALUES (195,'Santo Tomé y Príncipe','ST');
INSERT INTO "app_pais" (id, nombre, iso) VALUES (196,'Senegal','SN');
INSERT INTO "app_pais" (id, nombre, iso) VALUES (197,'Serbia y Montenegro','CS');
INSERT INTO "app_pais" (id, nombre, iso) VALUES (198,'Seychelles','SC');
INSERT INTO "app_pais" (id, nombre, iso) VALUES (199,'Sierra Leona','SL');
INSERT INTO "app_pais" (id, nombre, iso) VALUES (200,'Singapur','SG');
INSERT INTO "app_pais" (id, nombre, iso) VALUES (201,'Siria','SY');
INSERT INTO "app_pais" (id, nombre, iso) VALUES (202,'Somalia','SO');
INSERT INTO "app_pais" (id, nombre, iso) VALUES (203,'Sri Lanka','LK');
INSERT INTO "app_pais" (id, nombre, iso) VALUES (204,'Suazilandia','SZ');
INSERT INTO "app_pais" (id, nombre, iso) VALUES (205,'Sudáfrica','ZA');
INSERT INTO "app_pais" (id, nombre, iso) VALUES (206,'Sudán','SD');
INSERT INTO "app_pais" (id, nombre, iso) VALUES (207,'Suecia','SE');
INSERT INTO "app_pais" (id, nombre, iso) VALUES (208,'Suiza','CH');
INSERT INTO "app_pais" (id, nombre, iso) VALUES (209,'Surinam','SR');
INSERT INTO "app_pais" (id, nombre, iso) VALUES (210,'Svalbard y Jan Mayen','SJ');
INSERT INTO "app_pais" (id, nombre, iso) VALUES (211,'Tailandia','TH');
INSERT INTO "app_pais" (id, nombre, iso) VALUES (212,'Taiwán','TW');
INSERT INTO "app_pais" (id, nombre, iso) VALUES (213,'Tanzania','TZ');
INSERT INTO "app_pais" (id, nombre, iso) VALUES (214,'Tayikistán','TJ');
INSERT INTO "app_pais" (id, nombre, iso) VALUES (215,'Territorio Británico del Océano Índico','IO');
INSERT INTO "app_pais" (id, nombre, iso) VALUES (216,'Territorios Australes Franceses','TF');
INSERT INTO "app_pais" (id, nombre, iso) VALUES (217,'Timor Oriental','TL');
INSERT INTO "app_pais" (id, nombre, iso) VALUES (218,'Togo','TG');
INSERT INTO "app_pais" (id, nombre, iso) VALUES (219,'Tokelau','TK');
INSERT INTO "app_pais" (id, nombre, iso) VALUES (220,'Tonga','TO');
INSERT INTO "app_pais" (id, nombre, iso) VALUES (221,'Trinidad y Tobago','TT');
INSERT INTO "app_pais" (id, nombre, iso) VALUES (222,'Túnez','TN');
INSERT INTO "app_pais" (id, nombre, iso) VALUES (223,'Islas Turcas y Caicos','TC');
INSERT INTO "app_pais" (id, nombre, iso) VALUES (224,'Turkmenistán','TM');
INSERT INTO "app_pais" (id, nombre, iso) VALUES (225,'Turquía','TR');
INSERT INTO "app_pais" (id, nombre, iso) VALUES (226,'Tuvalu','TV');
INSERT INTO "app_pais" (id, nombre, iso) VALUES (227,'Ucrania','UA');
INSERT INTO "app_pais" (id, nombre, iso) VALUES (228,'Uganda','UG');
INSERT INTO "app_pais" (id, nombre, iso) VALUES (229,'Uruguay','UY');
INSERT INTO "app_pais" (id, nombre, iso) VALUES (230,'Uzbekistán','UZ');
INSERT INTO "app_pais" (id, nombre, iso) VALUES (231,'Vanuatu','VU');
INSERT INTO "app_pais" (id, nombre, iso) VALUES (232,'Venezuela','VE');
INSERT INTO "app_pais" (id, nombre, iso) VALUES (233,'Vietnam','VN');
INSERT INTO "app_pais" (id, nombre, iso) VALUES (234,'Islas Vírgenes Británicas','VG');
INSERT INTO "app_pais" (id, nombre, iso) VALUES (235,'Islas Vírgenes de los Estados Unidos','VI');
INSERT INTO "app_pais" (id, nombre, iso) VALUES (236,'Wallis y Futuna','WF');
INSERT INTO "app_pais" (id, nombre, iso) VALUES (237,'Yemen','YE');
INSERT INTO "app_pais" (id, nombre, iso) VALUES (238,'Yibuti','DJ');
INSERT INTO "app_pais" (id, nombre, iso) VALUES (239,'Zambia','ZM');
INSERT INTO "app_pais" (id, nombre, iso) VALUES (240,'Zimbabue','ZW');


-- ESCULTOR
INSERT INTO "app_escultor" (id, correo,foto, bibliografia, pais_id, fecha_nacimiento,nombre, apellido) VALUES (1,'eloisafortuny@example.org','1tNmPVjYcqI539a3BMV4JlCQHEYVmnMvi','Voluptates expedita fugit. Nemo nulla autem recusandae veritatis quam. Eum libero quas occaecati. Dolorum laudantium quaerat nostrum quae qui.',77,'2004-10-11','Collado','Sarita');
INSERT INTO "app_escultor" (id, correo,foto, bibliografia, pais_id, fecha_nacimiento,nombre, apellido) VALUES (2,'guitartencarnita@example.net','15viwh8wJMz5I_9SlCitqBf5mNy2b2-Yr','Omnis fuga beatae molestias. In distinctio nostrum molestiae maxime eius suscipit. Dolore excepturi accusamus sapiente. Blanditiis enim quam magni.',42,'1993-04-27','Nebot','Juan Carlos');
INSERT INTO "app_escultor" (id, correo,foto, bibliografia, pais_id, fecha_nacimiento,nombre, apellido) VALUES (3,'victor27@example.org','1BzU5CHb4ZNyN1qrgSTbSn4PdWClmoiJd','Similique ipsa natus. Dolores assumenda animi similique sapiente. Blanditiis autem ipsa asperiores.',156,'1988-09-19','Isern','Casandra');
INSERT INTO "app_escultor" (id, correo,foto, bibliografia, pais_id, fecha_nacimiento,nombre, apellido) VALUES (4,'nparejo@example.org','1Fpv7S6isAR2zuxZrtI35rYVsGwqfW-lN','Omnis laudantium eaque autem expedita dignissimos vitae. Asperiores mollitia ratione omnis.',223,'2006-01-22','Comas','Xavier');
INSERT INTO "app_escultor" (id, correo,foto, bibliografia, pais_id, fecha_nacimiento,nombre, apellido) VALUES (5,'bertrancesar@example.com','1Hjp3OH24QFoL-P3x-QLBYqI35KqqwjJa','Similique vel aliquid aut odit odio dolores. Repellendus dolorum adipisci voluptatum quibusdam ullam laudantium.',216,'1999-12-22','Roda','Duilio');
INSERT INTO "app_escultor" (id, correo,foto, bibliografia, pais_id, fecha_nacimiento,nombre, apellido) VALUES (6,'mirocalixta@example.com','1I1SJqKMbq7SkUoogV2xPOao6-7LmGuaA','Iste qui perspiciatis ut modi ea eos. Fugit minima itaque eum quisquam ducimus.',116,'1999-02-24','Blázquez','Maricruz');
INSERT INTO "app_escultor" (id, correo,foto, bibliografia, pais_id, fecha_nacimiento,nombre, apellido) VALUES (7,'segoviawalter@example.org','1LhfU3cgWHKOL-QQBdJhdcwCQoYolaEmd','Repellendus facere voluptate sit. Odit ratione provident saepe. Voluptatem dolor quis eveniet non adipisci distinctio.',154,'1988-03-05','Lerma','Buenaventura');
INSERT INTO "app_escultor" (id, correo,foto, bibliografia, pais_id, fecha_nacimiento,nombre, apellido) VALUES (8,'adolfo06@example.com','1LlWVos35FzcEFNOPg0FuOReAvG8pvdul','Autem fuga perferendis quam voluptates. Atque voluptates reprehenderit modi sunt. Incidunt dolorem non soluta impedit.',5,'2005-09-15','Sierra','Fernando');
INSERT INTO "app_escultor" (id, correo,foto, bibliografia, pais_id, fecha_nacimiento,nombre, apellido) VALUES (9,'baezjaviera@example.com','1PP9p5JOwj6-6JbgkqJsk1vQ6GVKcokjW','Ipsa exercitationem dolores dicta. Saepe accusantium asperiores facilis unde fugiat.',35,'1981-02-22','Espinosa','Florentino');
INSERT INTO "app_escultor" (id, correo,foto, bibliografia, pais_id, fecha_nacimiento,nombre, apellido) VALUES (10,'yolandapadilla@example.org','1U8etR1tJttuX1eK_Yoe4igyEN2icMHg4','Explicabo ex dolorem maxime nisi quia. Laboriosam magnam veniam est repellendus dolorem. Dolor aut maiores. Officia alias earum earum architecto.',31,'1990-11-12','Galván','Roberta');
INSERT INTO "app_escultor" (id, correo,foto, bibliografia, pais_id, fecha_nacimiento,nombre, apellido) VALUES (11,'qbertran@example.net','1UZuVuxOdlT3XckN27dqnNBNehxVcJAUm','Voluptatum reiciendis repellat inventore. Placeat enim sed deserunt ullam corporis. Beatae quia dignissimos quaerat quam.',79,'2006-01-24','Gimeno','Rodolfo');
INSERT INTO "app_escultor" (id, correo,foto, bibliografia, pais_id, fecha_nacimiento,nombre, apellido) VALUES (12,'bonillaluciano@example.com','1YhOdBlbkVFD8HRwLmWckYtR4mlDhOfim','Neque repudiandae corporis omnis velit voluptate. Neque nulla voluptates odit aliquam dolorem sapiente. Accusantium reiciendis exercitationem nisi similique.',175,'1997-03-01','Núñez','Noelia');
INSERT INTO "app_escultor" (id, correo,foto, bibliografia, pais_id, fecha_nacimiento,nombre, apellido) VALUES (13,'escrivapaola@example.org','1Yz015tLau5lS7TIbCyX2FeHKMqHImXwn','Voluptas et sed blanditiis officia quam dolores. Ducimus facilis officiis quidem quod consequuntur dolorum ducimus. Possimus dicta rem illum.',233,'1984-06-29','Rocha','Tito');
INSERT INTO "app_escultor" (id, correo,foto, bibliografia, pais_id, fecha_nacimiento,nombre, apellido) VALUES (14,'jpozo@example.org','1a0xuXxXI7qjCMk0wPpviIoDXfhH_Vesj','Eum reprehenderit molestiae cum. Quas ipsam saepe nihil. Similique accusamus quia perspiciatis beatae provident ex. Atque quod quod.',8,'2003-09-11','Valenzuela','Clotilde');
INSERT INTO "app_escultor" (id, correo,foto, bibliografia, pais_id, fecha_nacimiento,nombre, apellido) VALUES (15,'pcoca@example.org','1eMEwIeGkslF8JrGwxcBC5kVZxyXcqdZV','Perferendis veniam necessitatibus dolor omnis vero veritatis id. Reiciendis doloremque sit nesciunt quod.',144,'1986-06-29','Porta','Cayetana');
INSERT INTO "app_escultor" (id, correo,foto, bibliografia, pais_id, fecha_nacimiento,nombre, apellido) VALUES (16,'desiderio51@example.com','1iAF3V7mSvJkLVySWTQoxGjUAk2fGoyUQ','Ex voluptate illum impedit doloribus tenetur. Eos rem nihil delectus fugiat. Neque quos numquam.',58,'1995-06-17','Armengol','Socorro');
INSERT INTO "app_escultor" (id, correo,foto, bibliografia, pais_id, fecha_nacimiento,nombre, apellido) VALUES (17,'iquerol@example.com','1saHemEvjjNf8U7l9Dg9ry_PJ2lCtCbpg','Accusantium facere vitae quos. Assumenda saepe molestias.',148,'1983-11-17','Bayo','Leonel');
INSERT INTO "app_escultor" (id, correo,foto, bibliografia, pais_id, fecha_nacimiento,nombre, apellido) VALUES (18,'pintorlara@example.org','1swuWyt64fdQ2S6_D3oIf37jQYhqZsu1a','Accusamus id culpa accusantium ex numquam. Error ipsum assumenda amet minima nobis. Quos minus repellat maiores.',147,'1998-06-06','Mulet','Carina');
INSERT INTO "app_escultor" (id, correo,foto, bibliografia, pais_id, fecha_nacimiento,nombre, apellido) VALUES (19,'pratsjuan-pablo@example.net','12xQ2nq9GAl0cePulAFxWKLPwhy6DyiGp','Repudiandae eum fugit recusandae nostrum voluptate pariatur. Nobis similique fugit.',206,'1980-10-10','Carretero','Delia');
INSERT INTO "app_escultor" (id, correo,foto, bibliografia, pais_id, fecha_nacimiento,nombre, apellido) VALUES (20,'noemi57@example.com','16vnBm5QGgJ-T0TPAeRHyjZSl-f3Sq7S5','Officia assumenda dignissimos voluptates cupiditate iusto. Laboriosam ipsum nihil facere adipisci nam.',184,'1981-10-09','Navas','Agapito');
INSERT INTO "app_escultor" (id, correo,foto, bibliografia, pais_id, fecha_nacimiento,nombre, apellido) VALUES (21,'barredaedgar@example.net','17kK9-zQF6RAElvfXhYQRveVs-ssF_DYh','Aperiam perferendis at fugit. Enim architecto quia mollitia doloremque doloremque autem.',13,'1999-07-15','Galindo','Ani');
INSERT INTO "app_escultor" (id, correo,foto, bibliografia, pais_id, fecha_nacimiento,nombre, apellido) VALUES (22,'jose-carlosguerrero@example.com','1GvojOG-CtXOwaQj5vU_8R0sSb90c5QuP','Sapiente voluptates ex iure ipsam ad. Magni aut alias expedita hic. Consequatur iusto quia eligendi necessitatibus.',27,'1989-04-02','Ferrando','Severino');
INSERT INTO "app_escultor" (id, correo,foto, bibliografia, pais_id, fecha_nacimiento,nombre, apellido) VALUES (23,'enavas@example.net','1JX1YoYa26J_xMZ5uWwlYNGcpWiX0F2t4','Voluptas perferendis laborum rerum quam. Culpa necessitatibus maiores repellat vel deleniti nihil.',99,'1988-01-11','Cornejo','Manolo');
INSERT INTO "app_escultor" (id, correo,foto, bibliografia, pais_id, fecha_nacimiento,nombre, apellido) VALUES (24,'teodosio60@example.com','1ObEMTUsndsbZrUwxFLOmkOGynDHQtREJ','Temporibus sint ullam debitis praesentium recusandae quam.',131,'2001-06-20','Alcolea','Nerea');
INSERT INTO "app_escultor" (id, correo,foto, bibliografia, pais_id, fecha_nacimiento,nombre, apellido) VALUES (25,'atiliozapata@example.org','1PSVHCf8lt0esMKM0fXglBIOEGO8kHggj','Mollitia rem corporis dolorem sed doloribus magni modi. Neque quod unde dolorum. Occaecati sed perspiciatis pariatur itaque pariatur. Similique nulla doloremque excepturi ipsa doloribus.',52,'1984-01-17','Esteban','Raimundo');
INSERT INTO "app_escultor" (id, correo,foto, bibliografia, pais_id, fecha_nacimiento,nombre, apellido) VALUES (26,'vizcainoconsuelo@example.com','1hty4nbw06ifL7rxnwDPjE_wWOUogIGfJ','Consequuntur maxime alias alias et. Molestiae ut adipisci exercitationem. Quisquam expedita incidunt eaque delectus.',88,'1986-07-23','Salvà','Claudio');
INSERT INTO "app_escultor" (id, correo,foto, bibliografia, pais_id, fecha_nacimiento,nombre, apellido) VALUES (27,'nsaez@example.org','1pkbqdnfqMTg6TJK_OmLZ0HvML48fWoRo','Magnam cumque reprehenderit dolorum.',83,'2000-09-15','Cuadrado','Dalila');
INSERT INTO "app_escultor" (id, correo,foto, bibliografia, pais_id, fecha_nacimiento,nombre, apellido) VALUES (28,'leocadio71@example.net','1stPIgXmE9-O8r2X6EoYDGPAANjHfNQDA','Iusto ullam aliquid eius tempora. Consequuntur nostrum unde iure error.',17,'1991-11-30','Cámara','Dionisio');
INSERT INTO "app_escultor" (id, correo,foto, bibliografia, pais_id, fecha_nacimiento,nombre, apellido) VALUES (29,'ceciliooller@example.org','12Wm2vouxGBRGu_COunS97knP75dcfDXe','Deserunt non praesentium tenetur. Quaerat cupiditate quod quisquam ad fuga.',179,'2004-10-09','Tejada','Armando');
INSERT INTO "app_escultor" (id, correo,foto, bibliografia, pais_id, fecha_nacimiento,nombre, apellido) VALUES (30,'victor-manuelacosta@example.com','1FmzkhbkZJqIKgpIcXdhqre3rL51qLZs4','Laborum temporibus ad quibusdam quia nesciunt. Temporibus a consectetur esse. Dolore doloremque at facere vel odit et esse.',16,'1979-04-13','Grau','Paloma');
INSERT INTO "app_escultor" (id, correo,foto, bibliografia, pais_id, fecha_nacimiento,nombre, apellido) VALUES (31,'acostaevaristo@example.org','1GDYWDAtef3p7q8qFaB3Fuu1jLx2qLgAO','Quibusdam iusto ex repellendus quos. Dolor voluptates doloremque eaque eius. Eveniet fuga laboriosam.',145,'2006-02-04','Girona','Moisés');
INSERT INTO "app_escultor" (id, correo,foto, bibliografia, pais_id, fecha_nacimiento,nombre, apellido) VALUES (32,'erasmotomas@example.org','1V1NoFkHeZ5BGN-FVsjGQ2GilEu80uez3','Est totam dolores minima sit omnis. Cupiditate quod ratione fugiat.',167,'1984-11-01','Ángel','Felipe');
INSERT INTO "app_escultor" (id, correo,foto, bibliografia, pais_id, fecha_nacimiento,nombre, apellido) VALUES (33,'eloisa08@example.com','1ZPAw5wswWmCAY2EiftolZw3a_Rulp1gh','Dicta doloribus neque delectus libero nisi quisquam. Natus eum distinctio ex autem. Neque eos iste eveniet consectetur ipsa.',135,'1994-02-25','Solís','Dolores');
INSERT INTO "app_escultor" (id, correo,foto, bibliografia, pais_id, fecha_nacimiento,nombre, apellido) VALUES (34,'zbastida@example.net','1eQXUxN545dTapQJ_3wxYmdyyKDJBjQHU','Eaque ad autem dolorum suscipit corporis officiis. Fuga similique reprehenderit occaecati perferendis delectus.',105,'2006-04-15','Mate','César');
INSERT INTO "app_escultor" (id, correo,foto, bibliografia, pais_id, fecha_nacimiento,nombre, apellido) VALUES (35,'pepe40@example.com','1x7kg1MAcRWLjU5i7vZ4XVANufjHI6qxx','Error quidem ipsa asperiores a quia labore. Quasi molestiae modi maxime temporibus quis.',79,'1985-01-31','Buendía','Alonso');
INSERT INTO "app_escultor" (id, correo,foto, bibliografia, pais_id, fecha_nacimiento,nombre, apellido) VALUES (36,'prudenciacuevas@example.net','1EHFO3TQVzKOKxLzlSkvIspy4-ibMQbm2','Itaque voluptatibus dicta eaque suscipit debitis nemo. Eum officiis est soluta porro ex quidem. Architecto omnis quaerat quis inventore sequi.',60,'1998-11-11','Murillo','Ambrosio');
INSERT INTO "app_escultor" (id, correo,foto, bibliografia, pais_id, fecha_nacimiento,nombre, apellido) VALUES (37,'serrajulieta@example.org','1K_W819a2Zhyp-tSINgW3l71TrMkt4MJE','Id consequatur deleniti quibusdam illum deleniti fugit eius. Neque ea assumenda impedit deserunt laudantium facere.',114,'1983-10-21','Frutos','Lara');
INSERT INTO "app_escultor" (id, correo,foto, bibliografia, pais_id, fecha_nacimiento,nombre, apellido) VALUES (38,'ycalvo@example.org','1RyjSNIjcDaa1hAEj1BdRwFMU1dM6Jtob','Ducimus dolorem sunt occaecati.',195,'1984-04-01','Espejo','Teo');
INSERT INTO "app_escultor" (id, correo,foto, bibliografia, pais_id, fecha_nacimiento,nombre, apellido) VALUES (39,'langel@example.net','1bMs-v2MeuQPmeX9OsN-XElGMD4-OEEjk','Similique quasi veniam saepe quod commodi quibusdam.',65,'2002-04-11','Canals','Estela');
INSERT INTO "app_escultor" (id, correo,foto, bibliografia, pais_id, fecha_nacimiento,nombre, apellido) VALUES (40,'vpizarro@example.org','166VM4JqpVZvvp5Fygs387AzA2CYjJr2Y','Perferendis impedit accusamus vel rerum veritatis. Consequuntur magnam ducimus voluptas. Quam eaque esse repudiandae sit.',86,'1993-01-10','Cazorla','Vasco');
INSERT INTO "app_escultor" (id, correo,foto, bibliografia, pais_id, fecha_nacimiento,nombre, apellido) VALUES (41,'reciojose-manuel@example.org','1Dy0vNHRs31TPkiM2uJ6no6xmRNBcWeKx','Facere voluptas similique ab dignissimos. Natus nemo aliquid mollitia. Odio quasi molestiae quisquam sequi expedita delectus.',96,'1995-09-05','Aznar','Eligia');
INSERT INTO "app_escultor" (id, correo,foto, bibliografia, pais_id, fecha_nacimiento,nombre, apellido) VALUES (42,'flucena@example.org','1NVZ3Im1ghmoiEiStuFi8XeLlDOmryEZZ','Earum ducimus dolorem pariatur incidunt aperiam aut. Fugiat quibusdam tempore fugit similique corrupti distinctio et. Repellendus vel fuga sed.',189,'2002-04-09','Feliu','Marc');
INSERT INTO "app_escultor" (id, correo,foto, bibliografia, pais_id, fecha_nacimiento,nombre, apellido) VALUES (43,'sanmartinbenigno@example.net','1XqMsY5CFQqRvLF_hREwFjb0TXyxWDfy9','Maiores assumenda dolore alias aspernatur ullam. Rem sint fugit ipsum nemo rerum rerum. Vel inventore unde cum aspernatur.',51,'1996-09-09','Cabañas','Dani');
INSERT INTO "app_escultor" (id, correo,foto, bibliografia, pais_id, fecha_nacimiento,nombre, apellido) VALUES (44,'zzabala@example.org','1dc--YrF4PD2amTz7RIGN1BOAvVNAjLYg','Perferendis architecto accusantium. Blanditiis consequuntur perferendis minus possimus accusamus. Velit placeat dolore qui.',5,'1997-04-18','Valcárcel','Delia');
INSERT INTO "app_escultor" (id, correo,foto, bibliografia, pais_id, fecha_nacimiento,nombre, apellido) VALUES (45,'alfonsovidal@example.net','1pd15EqM_ChgdK40eS0HsqMPVmpRNtT3C','Vel molestiae quae veniam corporis. Nisi alias at inventore minima illum in quas. Provident laborum suscipit iusto magni laudantium. Minus illo quisquam.',155,'1996-10-12','Velázquez','Hector');
INSERT INTO "app_escultor" (id, correo,foto, bibliografia, pais_id, fecha_nacimiento,nombre, apellido) VALUES (46,'gonzalo11@gmail.com','perfiles/preparacion.jpg','dskdsfndfsndsfdsfdf',1,'2000-11-09','saucedo','gonzalo');


-- LUGAR
INSERT INTO "app_lugar" VALUES (1,'Zona Automotrices','Soluta fuga quae accusamus provident. Impedit iusto illo nemo. Esse ratione corrupti non ut.');
INSERT INTO "app_lugar" VALUES (2,'Zona Artesanos','Ipsam quod modi alias neque iure. Quos saepe debitis quo nulla.');
INSERT INTO "app_lugar" VALUES (3,'Zona Emprendedores','Quos maxime consequatur quasi numquam expedita provident.');
INSERT INTO "app_lugar" VALUES (4,'Zona Cancha de basket','Assumenda iure necessitatibus optio nostrum dolorum. Cupiditate culpa culpa commodi soluta.');
INSERT INTO "app_lugar" VALUES (5,'Zona Cancha de voley','Blanditiis itaque quae consequuntur iure earum.');
INSERT INTO "app_lugar" VALUES (6,'Zona Gastronomias','Accusantium voluptate aperiam nisi aspernatur.');
INSERT INTO "app_lugar" VALUES (7,'Zona Pymes','Id quam assumenda sed. Impedit quod quae provident aut. Deleniti provident minus a unde veritatis ea.');
INSERT INTO "app_lugar" VALUES (8,'Zona Prensa','Cumque sit nobis laboriosam natus expedita modi. Iste saepe tenetur pariatur laborum. Doloribus mollitia officia molestias doloribus corrupti quae.');
INSERT INTO "app_lugar" VALUES (9,'Zona Pista de atletismo','Corrupti molestiae inventore iusto itaque eligendi aut. Iusto corporis eaque eos quae sed. Dolores officiis ratione saepe nostrum. Eum vel fuga accusantium nam laborum quo tempora.');
INSERT INTO "app_lugar" VALUES (10,'Zona Puestos de Salud','Repellat praesentium doloribus commodi tempora veritatis. Officia repellendus pariatur distinctio veniam autem blanditiis ex. Voluptate illo rem quia fuga. Doloribus id fugit reiciendis quas natus exercitationem.');

-- TEMATICA
INSERT INTO "app_tematica"  (id, nombre, descripcion) VALUES (1,'Naturaleza y Paisaje','Exercitationem minus similique eveniet blanditiis necessitatibus. Blanditiis accusantium provident suscipit.');
INSERT INTO "app_tematica"  (id, nombre, descripcion) VALUES (2,'Identidad Cultural','Molestiae saepe totam ex aliquam mollitia consequuntur. Accusamus accusamus corrupti veritatis. Error hic quod molestiae beatae illum.');
INSERT INTO "app_tematica"  (id, nombre, descripcion) VALUES (3,'Tecnología y Futuro','Et id earum nulla. Excepturi ab harum possimus. Necessitatibus exercitationem numquam ipsam nam doloribus.');
INSERT INTO "app_tematica"  (id, nombre, descripcion) VALUES (4,'Memoria Histórica','Dolore hic qui. Facere magnam rerum aperiam dolores perspiciatis animi accusamus. Laudantium pariatur eveniet quae eligendi dolor.');
INSERT INTO "app_tematica"  (id, nombre, descripcion) VALUES (5,'Abstracción y Color','Nemo aliquam commodi unde cumque saepe culpa. Accusantium quas aut culpa. Nostrum dolores explicabo corrupti accusamus aperiam ipsum.');
INSERT INTO "app_tematica"  (id, nombre, descripcion) VALUES (6,'Diversidad y Género','Eveniet debitis tempore nostrum. Consequatur animi ratione quas corporis ut esse eos. Mollitia animi praesentium magnam aperiam expedita.');
INSERT INTO "app_tematica"  (id, nombre, descripcion) VALUES (7,'Ecología y Sustentabilidad','Unde corporis laborum. Sint itaque tenetur sint. Voluptatibus delectus eligendi corrupti quia tempora dolore.');
INSERT INTO "app_tematica"  (id, nombre, descripcion) VALUES (8,'Exploración Espacial','Veritatis aspernatur expedita asperiores magnam neque quaerat. Quisquam sed animi excepturi beatae. Quae placeat ipsa aliquid dolor beatae.');
INSERT INTO "app_tematica"  (id, nombre, descripcion) VALUES (9,'Misticismo y Religión','Eos animi temporibus. Nesciunt tempore facilis excepturi ducimus expedita deleniti itaque. Laborum fugit minima rerum odit neque ipsam.');
INSERT INTO "app_tematica"  (id, nombre, descripcion) VALUES (10,'Migración y Fronteras','Quidem maxime animi vitae hic. Inventore magnam ex magni et. Minima dolorum nesciunt placeat tempora odit odio.');
INSERT INTO "app_tematica"  (id, nombre, descripcion) VALUES (11,'Arte y Ciencia','Incidunt sit omnis consequuntur magnam vel. Debitis odit pariatur nihil soluta pariatur cumque reprehenderit. Eaque sit ducimus.');
INSERT INTO "app_tematica"  (id, nombre, descripcion) VALUES (12,'Sueños y Realidad','Impedit nemo quaerat ipsum impedit expedita corporis. At esse repellendus quia officiis nulla. Ducimus harum officiis culpa unde eligendi.');
INSERT INTO "app_tematica"  (id, nombre, descripcion) VALUES (13,'Tiempo y Espacio','Quaerat nesciunt animi iure a odit iste reprehenderit. Reprehenderit rerum velit odio.');
INSERT INTO "app_tematica"  (id, nombre, descripcion) VALUES (14,'El Cuerpo Humano','Ipsum quidem recusandae voluptatem fuga necessitatibus. Iste soluta odit impedit optio ex.');
INSERT INTO "app_tematica"  (id, nombre, descripcion) VALUES (15,'Emociones y Expresiones','Cum dolores dicta eaque. Hic consequuntur magnam accusamus.');

-- VOTANTE
INSERT INTO "app_votante" (id, correo) VALUES (1,'tguerra@example.com');
INSERT INTO "app_votante" (id, correo) VALUES (2,'joaquinripoll@example.com');
INSERT INTO "app_votante" (id, correo) VALUES (3,'amor56@example.net');
INSERT INTO "app_votante" (id, correo) VALUES (4,'mmorillo@example.net');
INSERT INTO "app_votante" (id, correo) VALUES (5,'dan02@example.net');
INSERT INTO "app_votante" (id, correo) VALUES (6,'galabaeza@example.net');
INSERT INTO "app_votante" (id, correo) VALUES (7,'vpi@example.net');
INSERT INTO "app_votante" (id, correo) VALUES (8,'noemi31@example.com');
INSERT INTO "app_votante" (id, correo) VALUES (9,'vilaltanayara@example.com');
INSERT INTO "app_votante" (id, correo) VALUES (10,'jovitaisern@example.com');
INSERT INTO "app_votante" (id, correo) VALUES (11,'wmosquera@example.net');
INSERT INTO "app_votante" (id, correo) VALUES (12,'florinda96@example.net');
INSERT INTO "app_votante" (id, correo) VALUES (13,'epi@example.com');
INSERT INTO "app_votante" (id, correo) VALUES (14,'saturnino06@example.com');
INSERT INTO "app_votante" (id, correo) VALUES (15,'romancarrion@example.net');
INSERT INTO "app_votante" (id, correo) VALUES (16,'bgarrido@example.org');
INSERT INTO "app_votante" (id, correo) VALUES (17,'rolando01@example.net');
INSERT INTO "app_votante" (id, correo) VALUES (18,'jesussevillano@example.com');
INSERT INTO "app_votante" (id, correo) VALUES (19,'moraledapepe@example.org');
INSERT INTO "app_votante" (id, correo) VALUES (20,'reynaldocasanovas@example.org');
INSERT INTO "app_votante" (id, correo) VALUES (21,'mhidalgo@example.com');
INSERT INTO "app_votante" (id, correo) VALUES (22,'german44@example.org');
INSERT INTO "app_votante" (id, correo) VALUES (23,'qbarbero@example.com');
INSERT INTO "app_votante" (id, correo) VALUES (24,'angel26@example.com');
INSERT INTO "app_votante" (id, correo) VALUES (25,'severianofiguerola@example.net');
INSERT INTO "app_votante" (id, correo) VALUES (26,'dora10@example.org');
INSERT INTO "app_votante" (id, correo) VALUES (27,'alvaro63@example.net');
INSERT INTO "app_votante" (id, correo) VALUES (28,'blazquezsaturnino@example.com');
INSERT INTO "app_votante" (id, correo) VALUES (29,'maricelasarabia@example.net');
INSERT INTO "app_votante" (id, correo) VALUES (30,'xvinas@example.net');
INSERT INTO "app_votante" (id, correo) VALUES (31,'emigdio64@example.com');
INSERT INTO "app_votante" (id, correo) VALUES (32,'germanarana@example.org');
INSERT INTO "app_votante" (id, correo) VALUES (33,'apoloniagallego@example.net');
INSERT INTO "app_votante" (id, correo) VALUES (34,'pisern@example.org');
INSERT INTO "app_votante" (id, correo) VALUES (35,'josevillegas@example.org');
INSERT INTO "app_votante" (id, correo) VALUES (36,'luz06@example.net');
INSERT INTO "app_votante" (id, correo) VALUES (37,'maria-jesusblasco@example.com');
INSERT INTO "app_votante" (id, correo) VALUES (38,'escolanoroque@example.com');
INSERT INTO "app_votante" (id, correo) VALUES (39,'anibal82@example.org');
INSERT INTO "app_votante" (id, correo) VALUES (40,'linabarreda@example.net');
INSERT INTO "app_votante" (id, correo) VALUES (41,'walfaro@example.com');
INSERT INTO "app_votante" (id, correo) VALUES (42,'farco@example.net');
INSERT INTO "app_votante" (id, correo) VALUES (43,'lucio69@example.com');
INSERT INTO "app_votante" (id, correo) VALUES (44,'pesparza@example.com');
INSERT INTO "app_votante" (id, correo) VALUES (45,'candelarioalfaro@example.net');
INSERT INTO "app_votante" (id, correo) VALUES (46,'kpont@example.net');
INSERT INTO "app_votante" (id, correo) VALUES (47,'roxana75@example.net');
INSERT INTO "app_votante" (id, correo) VALUES (48,'lazarorosell@example.com');
INSERT INTO "app_votante" (id, correo) VALUES (49,'qsantos@example.net');
INSERT INTO "app_votante" (id, correo) VALUES (50,'farregui@example.org');
INSERT INTO "app_votante" (id, correo) VALUES (51,'sabaternicodemo@example.com');
INSERT INTO "app_votante" (id, correo) VALUES (52,'eleuteriobello@example.net');
INSERT INTO "app_votante" (id, correo) VALUES (53,'dvillaverde@example.com');
INSERT INTO "app_votante" (id, correo) VALUES (54,'jennifervalera@example.com');
INSERT INTO "app_votante" (id, correo) VALUES (55,'geraldo06@example.com');
INSERT INTO "app_votante" (id, correo) VALUES (56,'qbas@example.org');
INSERT INTO "app_votante" (id, correo) VALUES (57,'eladio92@example.org');
INSERT INTO "app_votante" (id, correo) VALUES (58,'aescalona@example.net');
INSERT INTO "app_votante" (id, correo) VALUES (59,'farnau@example.com');
INSERT INTO "app_votante" (id, correo) VALUES (60,'ponsnoa@example.net');
INSERT INTO "app_votante" (id, correo) VALUES (61,'jose-ramonlucas@example.net');
INSERT INTO "app_votante" (id, correo) VALUES (62,'valverdenando@example.net');
INSERT INTO "app_votante" (id, correo) VALUES (63,'evasanchez@example.net');
INSERT INTO "app_votante" (id, correo) VALUES (64,'serafina74@example.com');
INSERT INTO "app_votante" (id, correo) VALUES (65,'lamor@example.org');
INSERT INTO "app_votante" (id, correo) VALUES (66,'calvetolimpia@example.com');
INSERT INTO "app_votante" (id, correo) VALUES (67,'vcadenas@example.org');
INSERT INTO "app_votante" (id, correo) VALUES (68,'suarezclarisa@example.com');
INSERT INTO "app_votante" (id, correo) VALUES (69,'eusebio48@example.org');
INSERT INTO "app_votante" (id, correo) VALUES (70,'marcelalorenzo@example.com');
INSERT INTO "app_votante" (id, correo) VALUES (71,'sarita81@example.org');
INSERT INTO "app_votante" (id, correo) VALUES (72,'dboada@example.net');
INSERT INTO "app_votante" (id, correo) VALUES (73,'venceslas00@example.com');
INSERT INTO "app_votante" (id, correo) VALUES (74,'cescolano@example.net');
INSERT INTO "app_votante" (id, correo) VALUES (75,'usoria@example.com');
INSERT INTO "app_votante" (id, correo) VALUES (76,'octavia93@example.org');
INSERT INTO "app_votante" (id, correo) VALUES (77,'ainaraamador@example.net');
INSERT INTO "app_votante" (id, correo) VALUES (78,'procha@example.com');
INSERT INTO "app_votante" (id, correo) VALUES (79,'noe79@example.com');
INSERT INTO "app_votante" (id, correo) VALUES (80,'marmolinigo@example.net');
INSERT INTO "app_votante" (id, correo) VALUES (81,'guadalupepizarro@example.org');
INSERT INTO "app_votante" (id, correo) VALUES (82,'vriquelme@example.org');
INSERT INTO "app_votante" (id, correo) VALUES (83,'loidamalo@example.com');
INSERT INTO "app_votante" (id, correo) VALUES (84,'leonardohuertas@example.org');
INSERT INTO "app_votante" (id, correo) VALUES (85,'zaguilar@example.com');
INSERT INTO "app_votante" (id, correo) VALUES (86,'guijarroeulalia@example.com');
INSERT INTO "app_votante" (id, correo) VALUES (87,'mariscaljose-luis@example.org');
INSERT INTO "app_votante" (id, correo) VALUES (88,'ggual@example.org');
INSERT INTO "app_votante" (id, correo) VALUES (89,'baezajacinto@example.net');
INSERT INTO "app_votante" (id, correo) VALUES (90,'inmaculadaagusti@example.net');
INSERT INTO "app_votante" (id, correo) VALUES (91,'alberolawilfredo@example.net');
INSERT INTO "app_votante" (id, correo) VALUES (92,'emiliamartorell@example.net');
INSERT INTO "app_votante" (id, correo) VALUES (93,'usanmiguel@example.com');
INSERT INTO "app_votante" (id, correo) VALUES (94,'yesicapalacios@example.org');
INSERT INTO "app_votante" (id, correo) VALUES (95,'pvalenzuela@example.com');
INSERT INTO "app_votante" (id, correo) VALUES (96,'emilianarojas@example.org');
INSERT INTO "app_votante" (id, correo) VALUES (97,'pradonarcisa@example.org');
INSERT INTO "app_votante" (id, correo) VALUES (98,'gilberto04@example.org');
INSERT INTO "app_votante" (id, correo) VALUES (99,'evitaalberola@example.org');
INSERT INTO "app_votante" (id, correo) VALUES (100,'sagudo@example.com');

-- EVENTO
INSERT INTO "app_evento" (id, nombre, fecha_inicio, fecha_fin, descripcion, lugar_id, tematica_id) VALUES (1,'Concurso Internacional de Escultura','2024-11-01','2024-11-07','Quisquam error voluptatum nisi amet aperiam. Ipsum perspiciatis impedit dignissimos.',5,6);
INSERT INTO "app_evento" (id, nombre, fecha_inicio, fecha_fin, descripcion, lugar_id, tematica_id) VALUES (2,'Exposiciones de Arte','2024-11-01','2024-11-07','Voluptas minima quos blanditiis magni culpa dicta. Perspiciatis voluptatibus omnis quo corrupti. Rerum ratione quo sint.',10,13);
INSERT INTO "app_evento" (id, nombre, fecha_inicio, fecha_fin, descripcion, lugar_id, tematica_id) VALUES (3,'Talleres y Capacitaciones','2024-11-01','2024-11-07','Iure nostrum natus accusamus. Esse ab autem eum.',1,12);
INSERT INTO "app_evento" (id, nombre, fecha_inicio, fecha_fin, descripcion, lugar_id, tematica_id) VALUES (4,'Conferencias y Charlas','2024-11-01','2024-11-07','Occaecati odit dolore molestias amet iusto. Aperiam tenetur consequatur excepturi molestias eligendi.',3,2);
INSERT INTO "app_evento" (id, nombre, fecha_inicio, fecha_fin, descripcion, lugar_id, tematica_id) VALUES (5,'Recorridos Guiados','2024-11-01','2024-11-07','Nemo tempora non similique dolorum fugiat aliquam voluptatum. Nemo dolore sint maiores iure vel. Corrupti similique beatae commodi quibusdam autem.',7,5);
INSERT INTO "app_evento" (id, nombre, fecha_inicio, fecha_fin, descripcion, lugar_id, tematica_id) VALUES (6,'Intervenciones Urbanas','2024-11-01','2024-11-07','Numquam tempore blanditiis quos inventore vel. Atque velit illo voluptas illo. Harum iusto ad accusamus repellendus.',5,3);
INSERT INTO "app_evento" (id, nombre, fecha_inicio, fecha_fin, descripcion, lugar_id, tematica_id) VALUES (7,'Espectáculos de Música en Vivo','2024-11-01','2024-11-07','Est eligendi aut nihil. Quod dignissimos quisquam quia modi nemo.',4,10);
INSERT INTO "app_evento" (id, nombre, fecha_inicio, fecha_fin, descripcion, lugar_id, tematica_id) VALUES (8,'Proyecciones de Cine','2024-11-01','2024-11-07','Quos vitae nemo explicabo voluptas dolor asperiores. Adipisci praesentium corporis voluptatibus magnam quidem rerum. Distinctio iste minus veniam aliquam quisquam quae.',10,8);
INSERT INTO "app_evento" (id, nombre, fecha_inicio, fecha_fin, descripcion, lugar_id, tematica_id) VALUES (9,'Premiación y Clausura','2024-11-01','2024-11-07','Molestiae necessitatibus eligendi dolore aliquid reprehenderit. Mollitia eligendi excepturi ipsam necessitatibus. Animi repudiandae quidem aspernatur facilis est neque.',7,4);
INSERT INTO "app_evento" (id, nombre, fecha_inicio, fecha_fin, descripcion, lugar_id, tematica_id) VALUES (10,'Actividades para Niños','2024-11-01','2024-11-07','Odio ea ipsam. Facere reprehenderit id exercitationem est eos porro cupiditate. Odio nam est unde.',5,7);
INSERT INTO "app_evento" (id, nombre, fecha_inicio, fecha_fin, descripcion, lugar_id, tematica_id) VALUES (11,'Artistas Invitados Internacionales','2024-11-01','2024-11-07','Placeat eius cumque quo eum. Quibusdam ullam ullam accusantium atque consequuntur.',7,1);
INSERT INTO "app_evento" (id, nombre, fecha_inicio, fecha_fin, descripcion, lugar_id, tematica_id) VALUES (12,'Feria de Artesanía y Productos Locales','2024-11-01','2024-11-07','Rerum fugiat qui omnis. Vitae necessitatibus assumenda provident nulla tempore deserunt. Omnis quis facilis accusamus adipisci sapiente ab quibusdam.',2,11);
INSERT INTO "app_evento" (id, nombre, fecha_inicio, fecha_fin, descripcion, lugar_id, tematica_id) VALUES (13,'Performance en Vivo','2024-11-01','2024-11-07','Corporis eum eius voluptatum voluptate. Repellat laudantium quae iste adipisci. Nisi id incidunt commodi dolor eaque velit officiis. Accusamus deserunt laborum adipisci.',10,13);
INSERT INTO "app_evento" (id, nombre, fecha_inicio, fecha_fin, descripcion, lugar_id, tematica_id) VALUES (14,'Festival Gastronómico','2024-11-01','2024-11-07','Aliquid molestias quod molestias dolorum quod quos. Asperiores sapiente praesentium ullam asperiores quaerat. Ullam nobis sed impedit.',10,4);
INSERT INTO "app_evento" (id, nombre, fecha_inicio, fecha_fin, descripcion, lugar_id, tematica_id) VALUES (15,'Exhibiciones de Realidad Virtual','2024-11-01','2024-11-07','Consectetur repellendus quo voluptatum quos. Velit accusamus dignissimos sequi non vel fuga non. Ullam optio doloribus reiciendis. Sit debitis laboriosam nam.',10,13);

-- ESCULTURA EVENTO
INSERT INTO "app_escultorevento" (id, escultor_id, votante_id) VALUES (1,1,1);
INSERT INTO "app_escultorevento" (id, escultor_id, votante_id) VALUES (2,2,1);
INSERT INTO "app_escultorevento" (id, escultor_id, votante_id) VALUES (3,3,1);
INSERT INTO "app_escultorevento" (id, escultor_id, votante_id) VALUES (4,4,1);
INSERT INTO "app_escultorevento" (id, escultor_id, votante_id) VALUES (5,5,1);
INSERT INTO "app_escultorevento" (id, escultor_id, votante_id) VALUES (6,6,1);
INSERT INTO "app_escultorevento" (id, escultor_id, votante_id) VALUES (7,7,1);
INSERT INTO "app_escultorevento" (id, escultor_id, votante_id) VALUES (8,8,1);
INSERT INTO "app_escultorevento" (id, escultor_id, votante_id) VALUES (9,9,1);
INSERT INTO "app_escultorevento" (id, escultor_id, votante_id) VALUES (10,10,1);
INSERT INTO "app_escultorevento" (id, escultor_id, votante_id) VALUES (11,11,1);
INSERT INTO "app_escultorevento" (id, escultor_id, votante_id) VALUES (12,12,1);
INSERT INTO "app_escultorevento" (id, escultor_id, votante_id) VALUES (13,13,1);
INSERT INTO "app_escultorevento" (id, escultor_id, votante_id) VALUES (14,14,1);
INSERT INTO "app_escultorevento" (id, escultor_id, votante_id) VALUES (15,15,1);
INSERT INTO "app_escultorevento" (id, escultor_id, votante_id) VALUES (16,16,1);
INSERT INTO "app_escultorevento" (id, escultor_id, votante_id) VALUES (17,17,1);
INSERT INTO "app_escultorevento" (id, escultor_id, votante_id) VALUES (18,18,1);
INSERT INTO "app_escultorevento" (id, escultor_id, votante_id) VALUES (19,19,1);
INSERT INTO "app_escultorevento" (id, escultor_id, votante_id) VALUES (20,20,1);
INSERT INTO "app_escultorevento" (id, escultor_id, votante_id) VALUES (21,21,1);
INSERT INTO "app_escultorevento" (id, escultor_id, votante_id) VALUES (22,22,1);
INSERT INTO "app_escultorevento" (id, escultor_id, votante_id) VALUES (23,23,1);
INSERT INTO "app_escultorevento" (id, escultor_id, votante_id) VALUES (24,24,1);
INSERT INTO "app_escultorevento" (id, escultor_id, votante_id) VALUES (25,25,1);
INSERT INTO "app_escultorevento" (id, escultor_id, votante_id) VALUES (26,26,1);
INSERT INTO "app_escultorevento" (id, escultor_id, votante_id) VALUES (27,27,1);
INSERT INTO "app_escultorevento" (id, escultor_id, votante_id) VALUES (28,28,1);
INSERT INTO "app_escultorevento" (id, escultor_id, votante_id) VALUES (29,29,1);
INSERT INTO "app_escultorevento" (id, escultor_id, votante_id) VALUES (30,30,1);
INSERT INTO "app_escultorevento" (id, escultor_id, votante_id) VALUES (31,31,1);
INSERT INTO "app_escultorevento" (id, escultor_id, votante_id) VALUES (32,32,1);
INSERT INTO "app_escultorevento" (id, escultor_id, votante_id) VALUES (33,33,1);
INSERT INTO "app_escultorevento" (id, escultor_id, votante_id) VALUES (34,34,1);
INSERT INTO "app_escultorevento" (id, escultor_id, votante_id) VALUES (35,35,1);
INSERT INTO "app_escultorevento" (id, escultor_id, votante_id) VALUES (36,36,1);
INSERT INTO "app_escultorevento" (id, escultor_id, votante_id) VALUES (37,37,1);
INSERT INTO "app_escultorevento" (id, escultor_id, votante_id) VALUES (38,38,1);
INSERT INTO "app_escultorevento" (id, escultor_id, votante_id) VALUES (39,39,1);
INSERT INTO "app_escultorevento" (id, escultor_id, votante_id) VALUES (40,40,1);
INSERT INTO "app_escultorevento" (id, escultor_id, votante_id) VALUES (41,41,1);
INSERT INTO "app_escultorevento" (id, escultor_id, votante_id) VALUES (42,42,1);
INSERT INTO "app_escultorevento" (id, escultor_id, votante_id) VALUES (43,43,1);
INSERT INTO "app_escultorevento" (id, escultor_id, votante_id) VALUES (44,44,1);
INSERT INTO "app_escultorevento" (id, escultor_id, votante_id) VALUES (45,45,1);




-- ESCULTURAS
INSERT INTO "app_escultura" (id, nombre, descripcion, qr, escultura_id, fecha_creacion) VALUES (1,'Ecos del Tiempo','Quibusdam saepe veritatis totam libero cum adipisci excepturi. Fugit nostrum cumque minus vel fugiat. Quas maxime iste excepturi ad dolorem.',NULL,19,'2024-11-01');
INSERT INTO "app_escultura" (id, nombre, descripcion, qr, escultura_id, fecha_creacion) VALUES (2,'Raíces de Hierro','Ratione quas autem ullam quia sed officiis alias. Sit sint praesentium esse facere possimus. Consequuntur in repellat eum accusantium rem ab.',NULL,21,'2024-11-01');
INSERT INTO "app_escultura" (id, nombre, descripcion, qr, escultura_id, fecha_creacion) VALUES (3,'El Vuelo del Espíritu','Temporibus praesentium id occaecati fuga. Occaecati culpa sapiente quis. In tempora perferendis nesciunt.',NULL,35,'2024-11-01');
INSERT INTO "app_escultura" (id, nombre, descripcion, qr, escultura_id, fecha_creacion) VALUES (4,'Sombras en Piedra','Placeat et sequi necessitatibus vel consequuntur voluptates. Tempora asperiores illo a harum. Velit esse reiciendis quidem illo.',NULL,30,'2024-11-01');
INSERT INTO "app_escultura" (id, nombre, descripcion, qr, escultura_id, fecha_creacion) VALUES (5,'Horizontes de Bronce','Ipsa eum placeat tempora architecto quam natus. Dolorum laboriosam tempore aperiam voluptates amet. Veniam quia labore consequatur sapiente. Quaerat quis fugit amet.',NULL,18,'2024-11-01');
INSERT INTO "app_escultura" (id, nombre, descripcion, qr, escultura_id, fecha_creacion) VALUES (6,'Misterio del Mar','Ad earum in iure deleniti. Distinctio saepe perspiciatis voluptatibus. Amet minus suscipit et sed accusantium laudantium.',NULL,10,'2024-11-01');
INSERT INTO "app_escultura" (id, nombre, descripcion, qr, escultura_id, fecha_creacion) VALUES (7,'Fragmentos del Alma','Exercitationem alias dolores pariatur. Non necessitatibus commodi eligendi pariatur aliquam. Est molestiae odit beatae sapiente aperiam temporibus.',NULL,33,'2024-11-01');
INSERT INTO "app_escultura" (id, nombre, descripcion, qr, escultura_id, fecha_creacion) VALUES (8,'Piedra y Luz','Quisquam porro iusto quae. Aliquid odit beatae tenetur numquam corrupti.',NULL,17,'2024-11-01');
INSERT INTO "app_escultura" (id, nombre, descripcion, qr, escultura_id, fecha_creacion) VALUES (9,'Danza de Sombras','Vero nihil dolorum occaecati ab. Itaque eius tempora cum possimus sint veritatis. Saepe corrupti natus. Cumque blanditiis earum vel facere numquam.',NULL,41,'2024-11-01');
INSERT INTO "app_escultura" (id, nombre, descripcion, qr, escultura_id, fecha_creacion) VALUES (10,'Reflejos Eternos','Iste qui explicabo impedit voluptatem illum. Laborum ab possimus alias.',NULL,10,'2024-11-01');
INSERT INTO "app_escultura" (id, nombre, descripcion, qr, escultura_id, fecha_creacion) VALUES (11,'Luz en el Caos','Dolorem quos repellat dolorum soluta repellendus veritatis. Magnam possimus illum explicabo.',NULL,24,'2024-11-01');
INSERT INTO "app_escultura" (id, nombre, descripcion, qr, escultura_id, fecha_creacion) VALUES (12,'Alas de Libertad','Dignissimos qui laudantium quae eum sint nam. Quas ipsa quidem beatae sequi quisquam tenetur possimus. Autem nisi quas neque hic mollitia rem. Dolor commodi aspernatur id.',NULL,21,'2024-11-01');
INSERT INTO "app_escultura" (id, nombre, descripcion, qr, escultura_id, fecha_creacion) VALUES (13,'Espejismo del Desierto','A consequuntur ipsa eligendi expedita minima amet rem. Eos cum omnis tempore placeat quidem vitae.',NULL,31,'2024-11-01');
INSERT INTO "app_escultura" (id, nombre, descripcion, qr, escultura_id, fecha_creacion) VALUES (14,'Luz y Sombra','Et iste deleniti. Occaecati mollitia assumenda voluptate blanditiis magni. Dicta vero soluta culpa. Temporibus animi quod sunt quos eveniet odio at.',NULL,31,'2024-11-01');
INSERT INTO "app_escultura" (id, nombre, descripcion, qr, escultura_id, fecha_creacion) VALUES (15,'Espirales del Viento','Sunt laboriosam animi aspernatur. Repudiandae facere dicta distinctio vero.',NULL,19,'2024-11-01');
INSERT INTO "app_escultura" (id, nombre, descripcion, qr, escultura_id, fecha_creacion) VALUES (16,'Guardianes de la Noche','Similique placeat rem eveniet corporis laudantium pariatur. Cum minus fugit dolores at. Magni neque sint harum aut.',NULL,19,'2024-11-01');
INSERT INTO "app_escultura" (id, nombre, descripcion, qr, escultura_id, fecha_creacion) VALUES (17,'Corazón de la Tierra','Nam reprehenderit esse tempora. Reiciendis possimus molestias unde.',NULL,30,'2024-11-01');
INSERT INTO "app_escultura" (id, nombre, descripcion, qr, escultura_id, fecha_creacion) VALUES (18,'Fragmentos de Silencio','Sapiente facilis vero. Animi dolore deserunt optio fugit soluta.',NULL,20,'2024-11-01');
INSERT INTO "app_escultura" (id, nombre, descripcion, qr, escultura_id, fecha_creacion) VALUES (19,'Olas de Acero','Odit impedit saepe reprehenderit sit. Explicabo quia nostrum eaque officiis reiciendis. Quis repellendus beatae et eaque illum repudiandae explicabo.',NULL,35,'2024-11-01');
INSERT INTO "app_escultura" (id, nombre, descripcion, qr, escultura_id, fecha_creacion) VALUES (20,'Senderos de Fuego','Tempora necessitatibus fuga rem rerum dignissimos. Harum at impedit commodi corporis dicta quod.',NULL,43,'2024-11-01');
INSERT INTO "app_escultura" (id, nombre, descripcion, qr, escultura_id, fecha_creacion) VALUES (21,'Resonancia Profunda','Ratione reprehenderit animi. Unde at eius dolorum illo.',NULL,38,'2024-11-01');
INSERT INTO "app_escultura" (id, nombre, descripcion, qr, escultura_id, fecha_creacion) VALUES (22,'Caminos de Sal','Sunt veniam corrupti. Nihil dolore dolorem. Doloribus culpa aliquid ullam nostrum veritatis facere.',NULL,7,'2024-11-01');
INSERT INTO "app_escultura" (id, nombre, descripcion, qr, escultura_id, fecha_creacion) VALUES (23,'Reflejo en la Tormenta','Odio recusandae dolorum velit odio doloribus aliquam. Eligendi neque nihil enim. Officia animi doloribus suscipit ipsa.',NULL,34,'2024-11-01');
INSERT INTO "app_escultura" (id, nombre, descripcion, qr, escultura_id, fecha_creacion) VALUES (24,'Lágrimas de Cristal','Repudiandae harum magni quam enim velit facere. Ea beatae velit in aspernatur nobis aliquid. Voluptate voluptatibus nostrum alias eius perferendis.',NULL,28,'2024-11-01');
INSERT INTO "app_escultura" (id, nombre, descripcion, qr, escultura_id, fecha_creacion) VALUES (25,'Gravedad y Vuelo','Sequi perferendis quaerat aliquam. Ratione accusamus sed sed accusamus.',NULL,35,'2024-11-01');
INSERT INTO "app_escultura" (id, nombre, descripcion, qr, escultura_id, fecha_creacion) VALUES (26,'Sombras del Horizonte','Dolor doloremque id dignissimos quidem magni sint. Nobis dolores saepe nobis esse. Culpa veritatis odio veniam.',NULL,16,'2024-11-01');
INSERT INTO "app_escultura" (id, nombre, descripcion, qr, escultura_id, fecha_creacion) VALUES (27,'Alma de Fuego','Praesentium maxime aperiam ad hic inventore recusandae. Eveniet qui repellat eaque earum possimus. Distinctio ipsa doloribus saepe cum voluptatum.',NULL,35,'2024-11-01');
INSERT INTO "app_escultura" (id, nombre, descripcion, qr, escultura_id, fecha_creacion) VALUES (28,'Bruma Matinal','Veniam error voluptatibus magnam ipsa quo cum. Fuga incidunt ipsa in saepe incidunt accusamus doloremque. Neque laudantium ipsum enim saepe.',NULL,4,'2024-11-01');
INSERT INTO "app_escultura" (id, nombre, descripcion, qr, escultura_id, fecha_creacion) VALUES (29,'Cantos del Bosque','Ut aperiam perferendis consectetur dolor. Amet doloribus tenetur expedita. Hic sit quibusdam quos ut.',NULL,12,'2024-11-01');
INSERT INTO "app_escultura" (id, nombre, descripcion, qr, escultura_id, fecha_creacion) VALUES (30,'Silencio de Roca','Consequatur repellat inventore nam odio consequuntur repudiandae magni. Ex corrupti magni occaecati amet aperiam.',NULL,20,'2024-11-01');
INSERT INTO "app_escultura" (id, nombre, descripcion, qr, escultura_id, fecha_creacion) VALUES (31,'Viento en la Montaña','Itaque vel dignissimos laudantium.',NULL,35,'2024-11-01');
INSERT INTO "app_escultura" (id, nombre, descripcion, qr, escultura_id, fecha_creacion) VALUES (32,'Fragilidad del Hielo','Nobis cupiditate eaque tempore sint nam. Beatae sit accusamus officia saepe odit maiores. Magni vel corrupti iste nostrum.',NULL,42,'2024-11-01');
INSERT INTO "app_escultura" (id, nombre, descripcion, qr, escultura_id, fecha_creacion) VALUES (33,'Escala al Cielo','A aut vel rerum doloribus. Ea cumque accusamus distinctio dolore eos officia. Reiciendis dolorum ad unde voluptatem illo.',NULL,11,'2024-11-01');
INSERT INTO "app_escultura" (id, nombre, descripcion, qr, escultura_id, fecha_creacion) VALUES (34,'Bosque Encantado','Rerum officiis corrupti. Repellat eligendi beatae illum distinctio. Ut quod incidunt ut nostrum. Voluptatum repudiandae asperiores ab ducimus cum harum.',NULL,33,'2024-11-01');
INSERT INTO "app_escultura" (id, nombre, descripcion, qr, escultura_id, fecha_creacion) VALUES (35,'Abismo de Luz','Aut cumque vel sequi corporis.',NULL,25,'2024-11-01');
INSERT INTO "app_escultura" (id, nombre, descripcion, qr, escultura_id, fecha_creacion) VALUES (36,'Raíces en el Cielo','Eligendi in architecto reiciendis tempore voluptate occaecati. Similique illum eum incidunt debitis provident voluptates ratione. Inventore recusandae enim quidem est distinctio sequi. Adipisci vitae amet quia maxime reiciendis fugiat dolor.',NULL,14,'2024-11-01');
INSERT INTO "app_escultura" (id, nombre, descripcion, qr, escultura_id, fecha_creacion) VALUES (37,'Estelares del Tiempo','Deserunt aliquam sint error dicta reiciendis delectus. Velit nulla omnis consequatur nulla est. Deleniti ab numquam suscipit eius veniam in.',NULL,14,'2024-11-01');
INSERT INTO "app_escultura" (id, nombre, descripcion, qr, escultura_id, fecha_creacion) VALUES (38,'Alquimia de Piedra','A dicta sequi reiciendis animi similique culpa. Corporis fugiat cupiditate iure blanditiis.',NULL,6,'2024-11-01');
INSERT INTO "app_escultura" (id, nombre, descripcion, qr, escultura_id, fecha_creacion) VALUES (39,'Puentes de Sueño','A earum fugiat qui alias non aut. Pariatur explicabo similique.',NULL,24,'2024-11-01');
INSERT INTO "app_escultura" (id, nombre, descripcion, qr, escultura_id, fecha_creacion) VALUES (40,'Fuente de Vida','Alias dolores illo ullam rerum nisi. Sequi officiis facere animi voluptate suscipit reprehenderit autem.',NULL,10,'2024-11-01');
INSERT INTO "app_escultura" (id, nombre, descripcion, qr, escultura_id, fecha_creacion) VALUES (41,'Ecos de Hierro','Architecto provident sapiente modi cumque quisquam. Enim suscipit magnam vitae quas officiis.',NULL,28,'2024-11-01');
INSERT INTO "app_escultura" (id, nombre, descripcion, qr, escultura_id, fecha_creacion) VALUES (42,'Fragmentos de Pasado','Error doloremque quaerat doloribus eaque eligendi. Eveniet ab architecto ducimus perferendis quam fugiat illum. Expedita tempore inventore quam fugit.',NULL,8,'2024-11-01');
INSERT INTO "app_escultura" (id, nombre, descripcion, qr, escultura_id, fecha_creacion) VALUES (43,'Peregrino de la Luz','Eius ratione eaque minus aspernatur amet. Molestias illum nihil fugit minus velit. Cupiditate fugit quidem cumque id. Expedita nostrum quia reiciendis eos rerum quam.',NULL,9,'2024-11-01');
INSERT INTO "app_escultura" (id, nombre, descripcion, qr, escultura_id, fecha_creacion) VALUES (44,'Voces de Agua','Accusamus aut impedit eius itaque consectetur iste. Unde animi ratione dicta.',NULL,16,'2024-11-01');
INSERT INTO "app_escultura" (id, nombre, descripcion, qr, escultura_id, fecha_creacion) VALUES (45,'Río de Bronce','Impedit dolorem optio nemo ullam voluptate quo. Consequuntur placeat saepe perferendis doloribus dolor. Id sed eveniet sapiente excepturi.',NULL,43,'2024-11-01');
INSERT INTO "app_escultura" (id, nombre, descripcion, qr, escultura_id, fecha_creacion) VALUES (46,'Silencio de Arena','Quod temporibus nemo maxime. Magni natus unde praesentium.',NULL,8,'2024-11-01');
INSERT INTO "app_escultura" (id, nombre, descripcion, qr, escultura_id, fecha_creacion) VALUES (47,'Hijos del Amanecer','Accusamus id vel culpa. Laborum corporis minima doloribus nesciunt libero sequi porro. Dignissimos aperiam quasi pariatur nam.',NULL,35,'2024-11-01');
INSERT INTO "app_escultura" (id, nombre, descripcion, qr, escultura_id, fecha_creacion) VALUES (48,'Sombras del Alba','Recusandae quae eius. Maiores enim laboriosam repellendus tenetur quae. Eveniet doloribus ullam cum tempora. Officia non reprehenderit explicabo fugiat unde.',NULL,10,'2024-11-01');
INSERT INTO "app_escultura" (id, nombre, descripcion, qr, escultura_id, fecha_creacion) VALUES (49,'Ríos de Acero','Quam eligendi accusamus. Perspiciatis praesentium pariatur ipsam dolorem dolor fugiat. Corrupti aperiam eveniet.',NULL,2,'2024-11-01');

-- IMAGENES
INSERT INTO "app_imagen" (id, imagen, descripcion, escultura_id, fecha_creacion) VALUES (1,'119aGgfIkARhOkCmaUzqELzCaHeLA55ap','Id veritatis dicta nihil nihil. Necessitatibus eligendi quas repudiandae cupiditate explicabo ratione consectetur. Maiores eveniet facere facilis aliquid. Nostrum atque labore nulla veniam.',1,'2024-11-01');
INSERT INTO "app_imagen" (id, imagen, descripcion, escultura_id, fecha_creacion) VALUES (2,'18dgAIoehWJSIDBgn808FQ8gntv9Nfqf7','Vitae minus quam repellat atque deleniti inventore. Laboriosam rem fuga aperiam. Id impedit magni impedit reprehenderit soluta omnis earum.',2,'2024-11-01');
INSERT INTO "app_imagen" (id, imagen, descripcion, escultura_id, fecha_creacion) VALUES (3,'1ApEtNxXBt7CGn6HyO3BQAji49Hd5TvIS','Possimus necessitatibus rem voluptatum. Voluptatibus eveniet eius eum maiores placeat repudiandae.',3,'2024-11-01');
INSERT INTO "app_imagen" (id, imagen, descripcion, escultura_id, fecha_creacion) VALUES (4,'1BH-8JBDRzFn_ximZgzK3SKbHAFjzMg3S','Earum magni similique facere quod explicabo. Esse veniam vero quas voluptatem quaerat quis. Praesentium facere nam eos eos debitis eligendi repudiandae. Maxime aliquam pariatur doloremque.',4,'2024-11-01');
INSERT INTO "app_imagen" (id, imagen, descripcion, escultura_id, fecha_creacion) VALUES (5,'1DGSrwSAOXZ96KLDFG47FqZvjI09Fr8a_','Delectus rerum laudantium ullam consectetur enim cupiditate. Ullam voluptatem neque distinctio non laudantium.',5,'2024-11-01');
INSERT INTO "app_imagen" (id, imagen, descripcion, escultura_id, fecha_creacion) VALUES (6,'1DoUezfPfrkklcjW9WXZTu6Y3Zs6fAPFA','Voluptatum quidem qui doloremque excepturi. Vero aspernatur consequatur cum.',6,'2024-11-01');
INSERT INTO "app_imagen" (id, imagen, descripcion, escultura_id, fecha_creacion) VALUES (7,'1EOKaZm0Du6V4gJZFc5gSIdag3h9XtPA6','Repellendus eum veritatis a voluptatum pariatur. Delectus aut ea facilis quis error a.',7,'2024-11-01');
INSERT INTO "app_imagen" (id, imagen, descripcion, escultura_id, fecha_creacion) VALUES (8,'1JQE1j8fOJ1AVjOOrTlleTqeNGtBYfA-z','Dolor nihil laborum culpa neque. Assumenda repudiandae eligendi assumenda. Enim velit odio harum est cum eum.',8,'2024-11-01');
INSERT INTO "app_imagen" (id, imagen, descripcion, escultura_id, fecha_creacion) VALUES (9,'1M_RtLVOM5GXp8kL4WXNjTUZOqBKZvYl9','Repudiandae nobis similique error sed tempora reprehenderit. Illum architecto magni aliquam veniam molestiae fugit ea. Eligendi cupiditate deleniti libero illo. Ex dolorum est tenetur.',9,'2024-11-01');
INSERT INTO "app_imagen" (id, imagen, descripcion, escultura_id, fecha_creacion) VALUES (10,'1RM_hoJTPwZ37aOoGeKqMmmI_CYq3I3Yy','Adipisci soluta hic quasi. Dignissimos velit voluptate incidunt dolorem ipsa cum eveniet.',10,'2024-11-01');
INSERT INTO "app_imagen" (id, imagen, descripcion, escultura_id, fecha_creacion) VALUES (11,'1Skt9_IiDWB3jbKEL5gzXRU7HK8D9AjVn','Ad ipsa id odio provident error laboriosam consectetur. Assumenda autem dolor illo laborum. Modi eum error repellendus nam omnis ab. Dicta modi dolorem necessitatibus recusandae cumque tenetur.',11,'2024-11-01');
INSERT INTO "app_imagen" (id, imagen, descripcion, escultura_id, fecha_creacion) VALUES (12,'1W6VRoYImLUic6ah8LuQO93BzmruLvZmn','Rem perspiciatis quibusdam fuga excepturi dignissimos.',12,'2024-11-01');
INSERT INTO "app_imagen" (id, imagen, descripcion, escultura_id, fecha_creacion) VALUES (13,'1__o0vQt41p7WnuA_Q5ywRWouxJWP5NOU','Inventore cumque nihil dolor illum rem eos consequuntur. Iusto blanditiis ipsa veniam.',13,'2024-11-01');
INSERT INTO "app_imagen" (id, imagen, descripcion, escultura_id, fecha_creacion) VALUES (14,'1hWorK2iyQAC2qnUoCOd3C7-iUX6YmoEO','Assumenda ipsam veritatis culpa debitis quidem. Odio enim quia debitis tempora adipisci.',14,'2024-11-01');
INSERT INTO "app_imagen" (id, imagen, descripcion, escultura_id, fecha_creacion) VALUES (15,'1iJXGUE38-Pz6WGxbw6KDN3qNXyC_XRBJ','Earum necessitatibus nesciunt ipsa. Sit quam ab explicabo molestiae. Delectus doloribus veniam beatae magni.',15,'2024-11-01');
INSERT INTO "app_imagen" (id, imagen, descripcion, escultura_id, fecha_creacion) VALUES (16,'1jMwagnmzkerVnXwsQPp7gNh0-kYK812E','Quis cum repellat iste.',16,'2024-11-01');
INSERT INTO "app_imagen" (id, imagen, descripcion, escultura_id, fecha_creacion) VALUES (17,'1kQfE7OGmXXnBATz4AfCMLui3tV8SJ2cE','A architecto quidem explicabo. Ab placeat ducimus quisquam repellat explicabo corrupti. Ut est cupiditate atque aspernatur sit.',17,'2024-11-01');
INSERT INTO "app_imagen" (id, imagen, descripcion, escultura_id, fecha_creacion) VALUES (18,'1obUqFO4S1BOUBpJDlzYaw8RbatjsoYgK','Sint excepturi illum.',18,'2024-11-01');
INSERT INTO "app_imagen" (id, imagen, descripcion, escultura_id, fecha_creacion) VALUES (19,'1rJFa_HnMm9SS3L9UmsKAAuDYab7upMIV','Eum expedita alias similique facere nam quo. Repellat libero ipsam optio nesciunt saepe explicabo. Nisi nisi quas eius architecto soluta.',19,'2024-11-01');
INSERT INTO "app_imagen" (id, imagen, descripcion, escultura_id, fecha_creacion) VALUES (20,'1sF0vkCf1xvoYnRw-xHiQ4Yteg9gNh1W4','Blanditiis ducimus ab excepturi unde nesciunt corrupti. Illo aliquid laboriosam non aperiam harum vel architecto. Quisquam consectetur perferendis eveniet ducimus et.',20,'2024-11-01');
INSERT INTO "app_imagen" (id, imagen, descripcion, escultura_id, fecha_creacion) VALUES (21,'1yy36Di7r_baXD9cmGwzeU7Cur_TcFrR2','Id sunt illo aut autem quia corporis. Perferendis dignissimos necessitatibus porro.',21,'2024-11-01');
INSERT INTO "app_imagen" (id, imagen, descripcion, escultura_id, fecha_creacion) VALUES (22,'1z6VteFD28kDWw_lsEJLcf6AxIdYezwBi','Quae possimus delectus dolor accusantium consequatur expedita. Vitae natus repellat a autem. Laboriosam et accusamus debitis exercitationem reiciendis.',22,'2024-11-01');
INSERT INTO "app_imagen" (id, imagen, descripcion, escultura_id, fecha_creacion) VALUES (23,'1-YqdsiB_7HTeMmclgWSayT-9J6a_uKOb','Culpa quaerat praesentium iste deserunt omnis alias laboriosam. Magnam quos magnam totam eligendi doloribus sunt aliquam.',23,'2024-11-01');
INSERT INTO "app_imagen" (id, imagen, descripcion, escultura_id, fecha_creacion) VALUES (24,'16UTIkhPB_S5TiwcvLwySPhuFymYQxDFi','Enim doloribus nam sit expedita sapiente. Accusantium atque quibusdam dolores. Eligendi alias maiores ad quo ipsa.',24,'2024-11-01');
INSERT INTO "app_imagen" (id, imagen, descripcion, escultura_id, fecha_creacion) VALUES (25,'17O7guY5C0Db9TZFRu4-3GvtXWaHkojJT','Suscipit sint ut laudantium error voluptatem.',25,'2024-11-01');
INSERT INTO "app_imagen" (id, imagen, descripcion, escultura_id, fecha_creacion) VALUES (26,'18_UrjpB059l0oGoWyf6Ef9julSBsHIWa','Est ad blanditiis blanditiis fugit. Blanditiis quasi ex rerum eum sit corporis.',26,'2024-11-01');
INSERT INTO "app_imagen" (id, imagen, descripcion, escultura_id, fecha_creacion) VALUES (27,'1BS6bTZv7uYyr7hl48iBpjLRszZY7cVyM','Rem quaerat saepe cum quam aperiam ullam. Error dignissimos unde ipsa repellat quos delectus. Ad porro unde consectetur numquam perspiciatis qui.',27,'2024-11-01');
INSERT INTO "app_imagen" (id, imagen, descripcion, escultura_id, fecha_creacion) VALUES (28,'1C4F9MD6tF0iOxbiQB1nei49Yp7XSrQ4y','Officiis commodi incidunt blanditiis animi sed. Quam eaque nesciunt reiciendis.',28,'2024-11-01');
INSERT INTO "app_imagen" (id, imagen, descripcion, escultura_id, fecha_creacion) VALUES (29,'1C9n2_3WVHcaN_PCvK8TyNqZj3MgJ7apT','Itaque quisquam commodi tempora. Laborum debitis assumenda culpa illo laborum dicta voluptatem.',29,'2024-11-01');
INSERT INTO "app_imagen" (id, imagen, descripcion, escultura_id, fecha_creacion) VALUES (30,'1Dp8EC5DgTx_pAZAmn2sg_XNLP1sEVGoI','Enim molestias doloribus possimus tempore occaecati. Perspiciatis officia corporis.',30,'2024-11-01');
INSERT INTO "app_imagen" (id, imagen, descripcion, escultura_id, fecha_creacion) VALUES (31,'1Egob1Lg3BIK_XrfdaVfCnBT5ge-cIxP5','Pariatur mollitia consequuntur a consequuntur quae neque. In repudiandae non deserunt rerum non iste. Quia iure nemo modi quam nobis vitae rem.',31,'2024-11-01');
INSERT INTO "app_imagen" (id, imagen, descripcion, escultura_id, fecha_creacion) VALUES (32,'1FUH1lVAmzOLTEPs13_TUb7DdZu-96Us6','Pariatur porro eveniet unde sed sapiente facere molestiae. Ut consectetur quas incidunt. Molestiae suscipit distinctio assumenda praesentium non odit ipsam.',32,'2024-11-01');
INSERT INTO "app_imagen" (id, imagen, descripcion, escultura_id, fecha_creacion) VALUES (33,'1Ixct0w6f_RnDT6RGD1vx_MxmWkAwlNsF','Quos nihil atque deleniti. Fugiat aut quia minima. Necessitatibus est quisquam.',33,'2024-11-01');
INSERT INTO "app_imagen" (id, imagen, descripcion, escultura_id, fecha_creacion) VALUES (34,'1JTflFbuw8dUEqFaNlm3qm0uHHoIGa5CO','Molestiae earum deserunt accusamus unde similique dicta. Consequatur veritatis recusandae omnis alias natus.',34,'2024-11-01');
INSERT INTO "app_imagen" (id, imagen, descripcion, escultura_id, fecha_creacion) VALUES (35,'1N0bYCFPCgtFMMSNcZOqpYZgx90M6QZvR','Perspiciatis ducimus totam quam ipsum nulla delectus. Eveniet aliquid quam a dolorum. Dignissimos nesciunt quos similique expedita id.',35,'2024-11-01');
INSERT INTO "app_imagen" (id, imagen, descripcion, escultura_id, fecha_creacion) VALUES (36,'1PulV5W50S-06uiCuBSgJZm_9z2xfl9xN','Incidunt voluptatum impedit repellat dolor iste. Suscipit iure perspiciatis nesciunt amet delectus. Ratione excepturi error architecto illo voluptatem quaerat. Consectetur reprehenderit quibusdam laboriosam ut et dignissimos nulla.',36,'2024-11-01');
INSERT INTO "app_imagen" (id, imagen, descripcion, escultura_id, fecha_creacion) VALUES (37,'1WdhpTotUJAP0tuiDu11-HBYJ5RGwW1Lv','Ea iste excepturi harum laborum ex quos. Vero temporibus explicabo est ut.',37,'2024-11-01');
INSERT INTO "app_imagen" (id, imagen, descripcion, escultura_id, fecha_creacion) VALUES (38,'1_axpfGJGvnyExKE3Cwd8Ag643c4_eMcC','Eius soluta nihil inventore. Adipisci nam vero quaerat facere.',38,'2024-11-01');
INSERT INTO "app_imagen" (id, imagen, descripcion, escultura_id, fecha_creacion) VALUES (39,'1ehxioINe_J87TsSmzQW_BHV1T6_7_M3p','Quasi vel molestiae cupiditate. Incidunt possimus totam saepe fuga adipisci.',39,'2024-11-01');
INSERT INTO "app_imagen" (id, imagen, descripcion, escultura_id, fecha_creacion) VALUES (40,'1fYKlXyxwtcEV5RzqkcX9Stl2Ljvm_fYz','Veniam odit saepe unde. Harum minus ipsa cumque repellendus quam. Sequi excepturi vero optio totam fugit totam porro.',40,'2024-11-01');
INSERT INTO "app_imagen" (id, imagen, descripcion, escultura_id, fecha_creacion) VALUES (41,'1g6MlscH75HY0ThMQZEKkZ7qBp12uzNXS','Ut itaque repudiandae sed culpa illo saepe. Corporis est hic eius.',41,'2024-11-01');
INSERT INTO "app_imagen" (id, imagen, descripcion, escultura_id, fecha_creacion) VALUES (42,'1hD8rwXIGygrlh8QMHdtbarWResdH3bAC','Expedita cumque quos enim magnam eos. Corrupti voluptates ut maiores delectus. Quo voluptas commodi sint.',42,'2024-11-01');
INSERT INTO "app_imagen" (id, imagen, descripcion, escultura_id, fecha_creacion) VALUES (43,'1irWNLtYyMXkWWHrUvOfdE8lvp71dNveM','Porro fugiat quisquam nobis quisquam. Veniam suscipit id commodi perspiciatis vero harum.',43,'2024-11-01');
INSERT INTO "app_imagen" (id, imagen, descripcion, escultura_id, fecha_creacion) VALUES (44,'1mdc18oCCk9wmKC9Py_IA3kp9AAjGOvaz','Voluptatum veniam pariatur laboriosam. Impedit molestias neque ipsam. Et eligendi porro earum sequi.',44,'2024-11-01');
INSERT INTO "app_imagen" (id, imagen, descripcion, escultura_id, fecha_creacion) VALUES (45,'1nJL1SxWd6z3iBhd9l7tsthm0UJ6w_U07','Eaque expedita nesciunt nemo in deleniti voluptatem. Numquam voluptatibus at optio.',45,'2024-11-01');
INSERT INTO "app_imagen" (id, imagen, descripcion, escultura_id, fecha_creacion) VALUES (46,'1nV7tBmnC97rMQhR2RaU9HLP9W8Op45wP','Ipsam ab perspiciatis repudiandae. Quos tenetur corrupti. Ad quibusdam dolorum delectus enim quasi culpa.',46,'2024-11-01');
INSERT INTO "app_imagen" (id, imagen, descripcion, escultura_id, fecha_creacion) VALUES (47,'1q0UjymxJyeklZ9gMpGpJGcsPYJQYMj2C','Consequuntur itaque iure laborum. Distinctio sint praesentium consectetur voluptas repudiandae eligendi. Tempore earum minus libero occaecati officiis temporibus.',47,'2024-11-01');
INSERT INTO "app_imagen" (id, imagen, descripcion, escultura_id, fecha_creacion) VALUES (48,'1qq-31OCcocuZfuqrTVpd6HcI3n0Vl_2T','Sed quos cum. Quae consectetur corporis iure laboriosam.',48,'2024-11-01');
INSERT INTO "app_imagen" (id, imagen, descripcion, escultura_id, fecha_creacion) VALUES (49,'1ur68yivDrhYPIVNTMNUGeckrho_il1UV','Quo sunt deserunt amet. Dolore dolore possimus quos placeat. Accusamus id hic amet beatae rem sequi. Placeat est deleniti corporis.',49,'2024-11-01');
